City,Country,Latitude,Longitude,Temperature,Humidity,PM2.5,PM10,NO2,SO2,CO,AQI,Air_Quality_Category,Population_Density,Proximity_to_Industrial_Areas,Timestamp
"Santa Fe, Jalisco, Mexico",Mexico,20.528912,-103.377146,26.0,13.0,152.0,54.0,22.7,37.3,17.0,152,Poor,1772.02,21.65,2026-02-15T01:56:37.007326
"Cruz Roja, Mexico",Mexico,20.578896,-101.199211,18.6,52.6,140.0,75.0,44.2,7.6,36.4,140,Poor,,41.16,2026-02-15T01:56:44.125746
"DIF, Mexico",Mexico,20.558094,-101.204941,18.8,52.4,98.0,81.0,23.2,18.2,22.9,98,Moderate,2045.87,,2026-02-15T01:56:49.318063
"Palacio de Gobierno, Tlaxcala, Tlaxcala, Mexico",Mexico,19.317583333333,-98.237305555556,22.0,78.0,95.0,60.0,8.2,,,95,Moderate,611.54,86.25,2026-02-15T01:56:51.871450
"Secundaria Leyes de Reforma, Aguascalientes, Mexico",Mexico,21.903003362672,-102.28461279505,23.0,8.0,93.0,35.0,9.4,,40.8,93,Moderate,10999.44,,2026-02-15T01:57:05.403812
"Nativitas, Mexico",Mexico,20.565231,-101.188248,18.8,52.4,,93.0,44.6,29.0,36.9,93,Moderate,2045.87,,2026-02-15T01:57:18.085841
"Biblioteca, Tizayuca, Hidalgo, Mexico",Mexico,19.840583333333,-98.981333333333,21.1,35.0,,83.0,16.5,19.2,20.7,83,Moderate,550.68,32.18,2026-02-15T01:57:26.526599
"Facultad De Medicina, Mexico",Mexico,21.133545,-101.679543,28.5,26.4,83.0,9.0,20.4,11.9,,83,Moderate,20114.69,,2026-02-15T01:57:39.095380
"Palacio Municipal Cuautla, Cuautla, Morelos, Mexico",Mexico,18.812986944444,-98.955305833333,23.5,35.5,82.0,,13.3,3.5,7.8,82,Moderate,2003.27,81.91,2026-02-15T01:57:49.201984
"Tulancingo, Hidalgo, Mexico",Mexico,20.08525,-98.366638888889,22.0,78.0,81.0,62.0,15.5,8.8,20.5,81,Moderate,1351.71,90.6,2026-02-15T01:57:54.742029
"US Embassy, Guatemala City, Guatemala",Guatemala,14.6069387,-90.5169696,15.0,87.0,61.0,,,,,61,Moderate,31197.09,,2026-02-15T01:58:09.236481
"San Salvador Este, El Salavor",El Salvador,13.71518889,-89.15481944,25.0,69.0,9.0,,,,,-,,4024.59,,2026-02-15T01:58:23.778975
"ITCA, Santa Tecla, El Salavor",El Salvador,13.673168,-89.279399,24.0,62.0,93.0,,,,,93,Moderate,1765.92,1801.85,2026-02-15T01:58:26.337392
"UTEC Campus, San Salvador, El Salavor",El Salvador,13.6999671,-89.2010843,30.9,88.8,91.0,,,,,91,Moderate,,,2026-02-15T01:58:44.568473
"San Salvador Centro, El Salavor",El Salvador,13.70630556,-89.20011667,22.4,75.4,,,,,,-,,4024.59,,2026-02-15T01:58:58.073041
"San Jose US Embassy, Costa Rica",Costa Rica,9.949488,-84.142876,20.9,69.2,38.0,,,,,38,Good,165.52,,2026-02-15T01:59:01.525364
"Carvajal - Sevillana, Bogota, Colombia",Colombia,4.5958,-74.14855,20.9,63.0,134.0,101.0,,1.7,5.2,134,Poor,,,2026-02-15T01:59:41.679343
"Kennedy, Bogota, Colombia",Colombia,4.6249,-74.16135,13.0,73.7,98.0,42.0,12.3,1.0,19.0,98,Moderate,,,2026-02-15T01:59:44.431902
"Fontibon, Bogota, Colombia",Colombia,4.6782472,-74.1438166,14.2,73.7,95.0,38.0,9.7,0.2,5.2,95,Moderate,,,2026-02-15T02:00:02.472810
"Puente Aranda, Bogota, Colombia",Colombia,4.63187,-74.11757,13.0,75.0,77.0,28.0,11.8,1.3,5.7,77,Moderate,,,2026-02-15T02:00:13.215336
"Centro de Alto Rendimiento, Bogota, Colombia",Colombia,4.65837,-74.084,12.8,75.0,66.0,22.0,6.1,0.7,3.7,66,Moderate,104164.41,,2026-02-15T02:00:36.124026
"Las Ferias, Bogota, Colombia",Colombia,4.6906,-74.08256,15.0,61.0,59.0,20.0,5.2,,4.6,59,Moderate,,78.11,2026-02-15T02:00:47.999524
"San Cristobal, Bogota, Colombia",Colombia,4.5725,-74.0836,13.8,66.0,57.0,17.0,13.3,0.6,4.6,57,Moderate,,68.77,2026-02-15T02:00:52.791541
"Movil 7ma, Bogota, Colombia",Colombia,4.645228,-74.06152,15.7,56.3,53.0,19.0,,,,53,Moderate,,,2026-02-15T02:01:14.754327
"El Camal, Quito, Ecuador",Ecuador,-0.25,-78.51,11.89,93.0,96.0,,66.3,4.8,16.6,96,Moderate,,465.66,2026-02-15T02:01:23.391505
"Centro, Quito, Ecuador",Ecuador,-0.221393,-78.514005,11.8,93.0,74.0,,,9.1,17.2,74,Moderate,,463.1,2026-02-15T02:01:31.574488
"Belisario, Quito, Ecuador",Ecuador,-0.184719,-78.495986,11.8,93.0,53.0,24.0,69.2,11.8,8.4,53,Moderate,34010.69,,2026-02-15T02:01:48.101144
"Cotocollao, Quito, Ecuador",Ecuador,-0.107777,-78.497222,12.38,93.0,41.0,24.0,33.5,2.2,6.6,41,Good,,451.2,2026-02-15T02:01:56.165571
"Los Chillos, Quito, Ecuador",Ecuador,-0.297062,-78.455248,13.97,93.0,,,,15.8,13.7,13,Good,,467.4,2026-02-15T02:02:00.041406
"estacion01, Cuenca, Ecuador",Ecuador,-2.897,-79.003,23.0,18.0,151.0,,130.2,9.7,4.6,151,Poor,,754.66,2026-02-15T02:02:07.138854
"estacion02, Cuenca, Ecuador",Ecuador,-2.879789,-78.980213,23.0,18.0,134.0,,130.2,9.7,4.6,142,Poor,6312.42,,2026-02-15T02:02:09.837837
"estacion03, Cuenca, Ecuador",Ecuador,-2.879889,-78.981213,15.0,87.0,51.0,,16.5,4.6,9.5,51,Moderate,6312.42,752.02,2026-02-15T02:02:12.579639
"Tumbaco, Quito, Ecuador",Ecuador,-0.214933,-78.403253,14.32,93.0,54.0,,44.4,3.4,6.3,54,Moderate,,,2026-02-15T02:02:25.097270
"Carapungo, Quito, Ecuador",Ecuador,-0.095472,-78.449809,17.79,72.0,55.0,24.0,9.5,2.9,6.0,55,Moderate,,447.45,2026-02-15T02:02:29.300745
"Villa Maria Del Triunfo, Lima, Peru",Peru,-12.16639,-76.92,26.1,69.0,63.0,22.0,7.2,7.3,29.7,63,Moderate,1018.59,,2026-02-15T02:02:42.140225
"San Martin De Porres, Lima, Peru",Peru,-12.00889,-77.08447,26.1,69.0,61.0,23.0,21.8,1.8,10.5,61,Moderate,,,2026-02-15T02:02:45.233727
"Campo De Marte, Lima, Peru",Peru,-12.07054,-77.04322,26.1,69.0,57.0,21.0,9.8,3.4,13.4,57,Moderate,,,2026-02-15T02:03:06.604616
"San Juan De Lurigancho, Lima, Peru",Peru,-11.98164,-76.99925,26.1,69.0,46.0,20.0,,26.9,,46,Good,,1707.63,2026-02-15T02:03:09.640835
"San Borja, Lima, Peru",Peru,-12.10859,-77.00769,26.1,69.0,87.0,59.0,14.2,5.6,24.9,25,Good,,1721.69,2026-02-15T02:03:12.351266
"Santa Anita, Lima, Peru",Peru,-12.04302,-76.97144,26.1,69.0,,21.0,10.2,9.5,14.7,21,Good,,1714.32,2026-02-15T02:03:15.131542
"US Embassy, Lima, Peru",Peru,-12.1052081,-76.9709299,23.3,84.0,34.0,,,,,34,Good,,1721.2,2026-02-15T02:03:18.415771
"Huachipa, Lima, Peru",Peru,-12.01689,-76.94883,22.2,75.0,193.0,155.0,8.4,33.0,200.9,33,Good,,1711.36,2026-02-15T02:03:23.634897
"Ate, Lima, Peru",Peru,-12.02611,-76.91861,22.8,85.3,,,,,,-,,,1712.29,2026-02-15T02:03:26.591414
"Carabayllo, Lima, Peru",Peru,-11.90219,-77.03364,26.1,69.0,,,18.9,6.1,11.5,12,Good,,1698.97,2026-02-15T02:03:29.295773
"Puente Piedra, Lima, Peru",Peru,-11.86325,-77.07413,26.1,69.0,36.0,,11.4,6.6,27.7,36,Good,,1694.82,2026-02-15T02:03:31.598452
"Velachery Res. Area, Chennai, Chennai, India",Peru,13.0052189,80.2398125,23.0,87.65,156.0,424.0,5.2,3.2,,424,Hazardous,,1012.82,2026-02-15T02:03:34.008544
"IIT, Chennai, Chennai, India",Peru,12.99251389,80.23744722,30.0,62.0,,,,,,-,,,,2026-02-15T02:03:47.568588
"Fuerza Aerea, Cochabamba, Bolivia",Bolivia,-17.4197854,-66.1685226,19.0,34.0,,49.0,,,,49,Good,,,2026-02-15T02:04:16.626978
"Parque Kanata, Cochabamba, Bolivia",Bolivia,-17.4125902,-66.1584437,19.0,34.0,,51.0,18.9,,,51,Moderate,8473.19,,2026-02-15T02:04:20.154314
"Semapa, Cochabamba, Bolivia",Bolivia,-17.3609718,-66.1607009,19.0,34.0,,25.0,,,,25,Good,8473.19,,2026-02-15T02:04:22.545708
"Rancagua II, Chile",Chile,-34.143888375919,-70.737131207664,17.9,62.0,42.0,65.0,,,,65,Moderate,2945.9,,2026-02-15T02:05:17.724252
"La Florida, Chile",Chile,-33.516630362266,-70.588123961971,23.0,40.0,38.0,65.0,8.2,2.0,0.7,65,Moderate,,,2026-02-15T02:05:35.236228
"Rancagua I, Chile",Chile,-34.162314609087,-70.713919225517,17.2,63.7,59.0,60.0,,1.5,1.2,60,Moderate,2945.9,,2026-02-15T02:05:42.712903
"Cerro Navia, Chile",Chile,-33.433089610143,-70.732147868717,23.0,40.0,17.0,57.0,7.4,,1.5,57,Moderate,,594.98,2026-02-15T02:05:53.681298
"Talagante, Chile",Chile,-33.673752071375,-70.953064737434,23.0,40.0,50.0,10.0,,,,50,Good,724.19,616.62,2026-02-15T02:05:57.777821
"Coyhaique, Chile",Chile,-45.57996447948,-72.061125987766,11.0,53.0,50.0,20.0,,,,50,Good,632.38,264.86,2026-02-15T02:06:00.149156
"Puente Alto, Chile",Chile,-33.591390623022,-70.594788,23.0,40.0,34.0,47.0,7.2,,3.3,47,Good,,,2026-02-15T02:06:14.420815
"Bomberos, Chile",Chile,-22.111064,-70.210828,,,42.0,,,,,42,Good,312.21,,2026-02-15T02:06:18.606728
"Colegio Pedro Vergara Keller, Chile",Chile,-22.44283906304,-68.932546346863,19.6,45.5,38.0,27.0,,,,38,Good,2006.31,1268.93,2026-02-15T02:06:23.297343
"Balneario Curanilahue, Chile",Chile,-37.485131692556,-73.331626473541,16.8,75.2,38.0,,,,,38,Good,383.74,522.6,2026-02-15T02:06:25.723176
"Pudahuel, Chile",Chile,-33.437811379126,-70.750171233135,23.0,40.0,25.0,38.0,6.9,,2.6,38,Good,,596.67,2026-02-15T02:06:28.342760
"Rengo, Chile",Chile,-34.394541417902,-70.852981542328,17.7,62.6,21.0,37.0,,,,37,Good,480.28,617.68,2026-02-15T02:06:30.791625
"US Embassy, Buenos Aires, Argentina",Argentina,-34.5773,-58.4176,25.0,72.9,5.0,,,,,5,Good,39746.84,95.38,2026-02-15T02:06:40.746730
"Cordoba, Buenos Aires, Argentina",Argentina,-34.5995674,-58.3915767,25.0,61.0,,,,,,-,,39746.84,98.13,2026-02-15T02:06:44.018469
"La boca, Buenos Aires, Argentina",Argentina,-34.6344961,-58.3631337,25.0,61.0,,,,,,-,,,101.41,2026-02-15T02:06:54.371459
"Dock Sud 1, Acumar, Argentina",Argentina,-34.657988,-58.342538,23.8,65.3,,,,,,-,,4363.1,,2026-02-15T02:07:06.994162
"Centenario, Buenos Aires, Argentina",Argentina,-34.635582,-58.5518647,24.0,53.0,,,,,,-,,1532.29,84.55,2026-02-15T02:07:11.798151
"La Matanza, Acumar, Argentina",Argentina,-34.6775885,-58.701767,20.2,88.8,,,,,,-,,1713.54,72.79,2026-02-15T02:07:14.610999
"Argentina, Asturias, Spain",Argentina,43.53880000013,-5.6989000001636,11.6,63.0,57.0,25.0,4.2,1.6,0.1,57,Moderate,3247.65,6061.94,2026-02-15T02:07:17.028317
