City,Country,Latitude,Longitude,Temperature,Humidity,PM2.5,PM10,NO2,SO2,CO,AQI,Air_Quality_Category,Population_Density,Proximity_to_Industrial_Areas,Timestamp
"Santa Fe, Jalisco, Mexico",Mexico,20.528912,-103.377146,19.0,37.0,109.0,56.0,41.5,2.3,17.3,109,Poor,1772.02,21.65,2025-12-28T01:29:29.157790
"Apodaca, Nuevo Leon, Mexico",Mexico,25.7815621,-100.1875974,26.0,61.0,95.0,61.0,24.1,30.6,10.7,95,Moderate,6830.12,16.82,2025-12-28T01:29:35.897557
"Secundaria Leyes de Reforma, Aguascalientes, Mexico",Mexico,21.903003362672,-102.28461279505,19.0,29.0,89.0,19.0,11.3,1.3,,89,Moderate,10999.44,104.96,2025-12-28T01:29:40.424384
"Las Pintas, Guadalajara, Mexico",Mexico,20.5767,-103.32652222222,19.0,37.0,88.0,72.0,45.9,6.1,11.4,88,Moderate,342.07,20.68,2025-12-28T01:29:44.431618
"S. Pedro, Nuevo Leon, Mexico",Mexico,25.6573447,-100.4017501,22.2,72.6,76.0,54.0,11.9,4.9,9.8,76,Moderate,1682.83,8.79,2025-12-28T01:29:51.535989
"Biblioteca, Tizayuca, Hidalgo, Mexico",Mexico,19.840583333333,-98.981333333333,14.4,64.0,,72.0,20.8,10.7,15.8,72,Moderate,550.68,32.18,2025-12-28T01:29:54.016730
"S. Catarina, Nuevo Leon, Mexico",Mexico,25.6869003,-100.4220058,22.5,72.5,70.0,26.0,,4.0,11.7,70,Moderate,3871.31,9.93,2025-12-28T01:30:05.077314
"Irapuato Bomberos, Mexico",Mexico,21.118055555556,-101.60216666667,24.0,25.0,70.0,40.0,,4.0,10.8,70,Moderate,,9.68,2025-12-28T01:30:07.497848
"US Embassy, Guatemala City, Guatemala",Guatemala,14.6069387,-90.5169696,15.0,87.0,61.0,,,,,61,Moderate,,108.86,2025-12-28T01:30:18.685350
"San Salvador Centro, El Salavor",El Salvador,13.70630556,-89.20011667,22.7,92.7,,,,,,-,,4024.59,1797.32,2025-12-28T01:30:23.877475
"San Salvador Este, El Salavor",El Salvador,13.71518889,-89.15481944,24.0,83.0,9.0,,,,,-,,4024.59,1794.07,2025-12-28T01:30:26.480277
"ITCA, Santa Tecla, El Salavor",El Salvador,13.673168,-89.279399,24.0,62.0,93.0,,,,,93,Moderate,,1801.85,2025-12-28T01:30:36.836383
"UTEC Campus, San Salvador, El Salavor",El Salvador,13.6999671,-89.2010843,30.9,88.8,91.0,,,,,91,Moderate,4024.59,1796.97,2025-12-28T01:30:39.128663
"San Jose US Embassy, Costa Rica",Costa Rica,9.949488,-84.142876,20.9,69.2,38.0,,,,,38,Good,165.52,1107.57,2025-12-28T01:30:43.969274
"Carvajal - Sevillana, Bogota, Colombia",Colombia,4.5958,-74.14855,16.0,76.0,97.0,40.0,,2.0,9.4,97,Moderate,,75.88,2025-12-28T01:31:14.162968
"Kennedy, Bogota, Colombia",Colombia,4.6249,-74.16135,14.0,78.5,66.0,32.0,9.8,0.6,8.3,66,Moderate,,79.06,2025-12-28T01:31:19.755157
"Fontibon, Bogota, Colombia",Colombia,4.6782472,-74.1438166,14.3,78.5,63.0,25.0,5.9,0.4,5.0,63,Moderate,445.63,81.7,2025-12-28T01:31:22.575999
"Las Ferias, Bogota, Colombia",Colombia,4.6906,-74.08256,15.3,56.0,57.0,2.0,5.9,,3.2,57,Moderate,104164.41,78.11,2025-12-28T01:31:27.920570
"Centro de Alto Rendimiento, Bogota, Colombia",Colombia,4.65837,-74.084,15.2,62.0,54.0,20.0,2.4,0.7,1.8,54,Moderate,104164.41,75.54,2025-12-28T01:31:36.327427
"San Cristobal, Bogota, Colombia",Colombia,4.5725,-74.0836,13.2,64.0,53.0,16.0,0.1,0.6,3.9,53,Moderate,,68.77,2025-12-28T01:31:38.696644
"MinAmbiente, Bogota, Colombia",Colombia,4.62529,-74.06724,15.2,62.0,46.0,16.0,2.2,0.5,2.6,46,Good,,71.59,2025-12-28T01:31:48.828399
"Tunal, Bogota, Colombia",Colombia,4.57619,-74.13093,13.0,64.0,42.0,20.0,2.7,2.0,,42,Good,,72.99,2025-12-28T01:31:59.144366
"El Camal, Quito, Ecuador",Ecuador,-0.25,-78.51,14.39,87.0,77.0,,37.0,1.2,9.3,77,Moderate,34010.69,465.66,2025-12-28T01:32:02.434276
"Centro, Quito, Ecuador",Ecuador,-0.221393,-78.514005,14.34,87.0,72.0,,,3.3,6.8,72,Moderate,34010.69,463.1,2025-12-28T01:32:04.948209
"Cotocollao, Quito, Ecuador",Ecuador,-0.107777,-78.497222,14.31,87.0,50.0,40.0,19.8,0.8,2.1,50,Good,,451.2,2025-12-28T01:32:07.277851
"Belisario, Quito, Ecuador",Ecuador,-0.184719,-78.495986,14.34,87.0,34.0,40.0,27.5,4.1,6.8,34,Good,34010.69,458.58,2025-12-28T01:32:09.723103
"Los Chillos, Quito, Ecuador",Ecuador,-0.297062,-78.455248,16.13,87.0,,,,13.5,5.0,20,Good,,467.4,2025-12-28T01:32:15.629822
"estacion01, Cuenca, Ecuador",Ecuador,-2.897,-79.003,23.0,18.0,151.0,,130.2,9.7,4.6,151,Poor,6312.42,754.66,2025-12-28T01:32:18.157565
"estacion02, Cuenca, Ecuador",Ecuador,-2.879789,-78.980213,23.0,18.0,134.0,,130.2,9.7,4.6,142,Poor,,751.96,2025-12-28T01:32:23.879698
"estacion03, Cuenca, Ecuador",Ecuador,-2.879889,-78.981213,15.0,87.0,51.0,,16.5,4.6,9.5,51,Moderate,,752.02,2025-12-28T01:32:29.809715
"Tumbaco, Quito, Ecuador",Ecuador,-0.214933,-78.403253,15.79,87.0,37.0,,9.9,1.7,3.0,37,Good,,456.68,2025-12-28T01:32:37.581762
"Carapungo, Quito, Ecuador",Ecuador,-0.095472,-78.449809,17.01,72.0,7.0,40.0,6.8,3.0,5.1,40,Good,,447.45,2025-12-28T01:32:44.899902
"San Borja, Lima, Peru",Peru,-12.10859,-77.00769,21.6,77.0,66.0,47.0,12.6,6.9,9.3,66,Moderate,,1721.69,2025-12-28T01:32:50.440373
"San Juan De Lurigancho, Lima, Peru",Peru,-11.98164,-76.99925,21.6,77.0,63.0,29.0,,7.8,,63,Moderate,,1707.63,2025-12-28T01:32:56.783194
"Campo De Marte, Lima, Peru",Peru,-12.07054,-77.04322,21.6,77.0,59.0,22.0,10.7,3.2,12.6,59,Moderate,,1717.62,2025-12-28T01:33:02.937086
"San Martin De Porres, Lima, Peru",Peru,-12.00889,-77.08447,21.6,77.0,58.0,20.0,16.4,2.5,8.7,58,Moderate,,1710.96,2025-12-28T01:33:08.959224
"Villa Maria Del Triunfo, Lima, Peru",Peru,-12.16639,-76.92,21.6,77.0,56.0,15.0,10.3,4.7,19.3,56,Moderate,,1727.81,2025-12-28T01:33:15.047126
"Santa Anita, Lima, Peru",Peru,-12.04302,-76.97144,21.6,77.0,,33.0,20.6,7.8,9.5,33,Good,,1714.32,2025-12-28T01:33:18.358240
"US Embassy, Lima, Peru",Peru,-12.1052081,-76.9709299,23.3,84.0,34.0,,,,,34,Good,,1721.2,2025-12-28T01:33:20.761544
"Huachipa, Lima, Peru",Peru,-12.01689,-76.94883,22.2,75.0,193.0,155.0,8.4,33.0,200.9,33,Good,,1711.36,2025-12-28T01:33:23.862688
"Ate, Lima, Peru",Peru,-12.02611,-76.91861,22.8,85.3,,,,,,-,,,1712.29,2025-12-28T01:33:29.903848
"Carabayllo, Lima, Peru",Peru,-11.90219,-77.03364,21.6,77.0,,,17.1,6.4,9.3,9,Good,,1698.97,2025-12-28T01:33:32.795032
"Puente Piedra, Lima, Peru",Peru,-11.86325,-77.07413,21.6,77.0,38.0,,20.7,7.0,37.4,38,Good,,1694.82,2025-12-28T01:33:34.949024
"Velachery Res. Area, Chennai, Chennai, India",Peru,13.0052189,80.2398125,22.0,78.17333333333333,33.0,86.0,5.5,7.2,9.3,86,Moderate,,1012.82,2025-12-28T01:33:43.865961
"IIT, Chennai, Chennai, India",Peru,12.99251389,80.23744722,30.0,62.0,,,,,,-,,,1014.17,2025-12-28T01:33:46.875168
"Fuerza Aerea, Cochabamba, Bolivia",Bolivia,-17.4197854,-66.1685226,19.0,34.0,,49.0,,,,49,Good,,1751.96,2025-12-28T01:34:03.689133
"Parque Kanata, Cochabamba, Bolivia",Bolivia,-17.4125902,-66.1584437,19.0,34.0,,51.0,18.9,,,51,Moderate,,1752.65,2025-12-28T01:34:09.894423
"Semapa, Cochabamba, Bolivia",Bolivia,-17.3609718,-66.1607009,19.0,34.0,,25.0,,,,25,Good,8473.19,1758.36,2025-12-28T01:34:12.353068
"Coquimbo, Chile",Chile,-29.970390235273,-71.336038250122,16.0,87.0,68.0,,,,,68,Moderate,,750.62,2025-12-28T01:34:53.820570
"Copiapo Sivica, Chile",Chile,-27.370329154948,-70.323906678352,18.0,77.0,63.0,30.0,,1.5,,63,Moderate,,860.2,2025-12-28T01:34:59.690097
"Parque O'Higgins, Chile",Chile,-33.464142,-70.660797,25.0,33.0,53.0,39.0,4.7,,0.4,53,Moderate,78165.35,588.44,2025-12-28T01:35:05.183079
"Puente Alto, Chile",Chile,-33.591390623022,-70.594788,25.0,33.0,34.0,52.0,6.5,,2.2,52,Moderate,,582.9,2025-12-28T01:35:07.694086
"Cerro Navia, Chile",Chile,-33.433089610143,-70.732147868717,24.0,31.0,46.0,41.0,7.4,,1.4,46,Good,,594.98,2025-12-28T01:35:10.055905
"Rancagua I, Chile",Chile,-34.162314609087,-70.713919225517,19.0,45.4,38.0,52.0,,1.4,4.4,52,Moderate,,600.57,2025-12-28T01:35:15.768498
"Valparaiso, Chile",Chile,-33.049743798096,-71.614167231712,18.0,63.0,46.0,,,,,46,Good,3198.09,677.82,2025-12-28T01:35:18.210634
"Rancagua II, Chile",Chile,-34.143888375919,-70.737131207664,19.4,45.0,42.0,44.0,,,,44,Good,2945.9,602.37,2025-12-28T01:35:21.992187
"Arica, Chile",Chile,-18.47683929771,-70.287911433372,21.0,68.0,42.0,,,,,42,Good,2573.61,1730.06,2025-12-28T01:35:24.577167
"La Serena, Chile",Chile,-29.933006518748,-71.261966365967,16.0,87.0,42.0,,,,,42,Good,2487.68,746.5,2025-12-28T01:35:29.541613
"La Florida, Chile",Chile,-33.516630362266,-70.588123961971,25.0,33.0,38.0,33.0,5.8,3.6,1.5,38,Good,,581.89,2025-12-28T01:35:32.172551
"Liceo Polivalente, Chile",Chile,-36.601713211434,-72.958522830688,18.7,71.0,38.0,22.0,1.6,2.6,,38,Good,,610.0,2025-12-28T01:35:37.641976
"Pudahuel, Chile",Chile,-33.437811379126,-70.750171233135,24.0,31.0,25.0,34.0,7.5,,6.6,34,Good,,596.67,2025-12-28T01:35:48.916229
"Antofagasta, Chile",Chile,-23.61354215815,-70.383315682411,20.0,77.0,34.0,28.0,,2.1,,34,Good,4437.46,1210.2,2025-12-28T01:35:51.056296
"Quilicura, Chile",Chile,-33.349626928347,-70.723792612552,24.0,31.0,30.0,31.0,,,,31,Good,,594.07,2025-12-28T01:35:58.885903
"Cordoba, Buenos Aires, Argentina",Argentina,-34.5995674,-58.3915767,29.0,51.0,,24.0,2.3,,1.9,-,,39746.84,98.13,2025-12-28T01:36:02.857224
"La boca, Buenos Aires, Argentina",Argentina,-34.6344961,-58.3631337,32.7,30.2,,30.0,5.5,,1.9,-,,39746.84,101.41,2025-12-28T01:36:05.690190
"Centenario, Buenos Aires, Argentina",Argentina,-34.635582,-58.5518647,31.5,26.2,,23.0,1.4,,1.1,-,,1532.29,84.55,2025-12-28T01:36:07.984225
"US Embassy, Buenos Aires, Argentina",Argentina,-34.5773,-58.4176,25.0,72.9,5.0,,,,,5,Good,39746.84,95.38,2025-12-28T01:36:11.978062
"Dock Sud 1, Acumar, Argentina",Argentina,-34.657988,-58.342538,23.8,65.3,,,,,,-,,4363.1,103.8,2025-12-28T01:36:14.433464
"La Matanza, Acumar, Argentina",Argentina,-34.6775885,-58.701767,20.2,88.8,,,,,,-,,1713.54,72.79,2025-12-28T01:36:16.707970
"Argentina, Asturias, Spain",Argentina,43.53880000013,-5.6989000001636,6.4,89.6,61.0,31.0,16.0,4.1,0.1,61,Moderate,,6061.94,2025-12-28T01:36:22.867228
