City,Country,Latitude,Longitude,Temperature,Humidity,PM2.5,PM10,NO2,SO2,CO,AQI,Air_Quality_Category,Population_Density,Proximity_to_Industrial_Areas,Timestamp
"Secundaria Leyes de Reforma, Aguascalientes, Mexico",Mexico,21.903003362672,-102.28461279505,17.7,24.0,80.0,17.0,7.2,,500.0,500,Hazardous,10999.44,104.96,2026-01-27T01:28:35.526708
"Santa Fe, Jalisco, Mexico",Mexico,20.528912,-103.377146,20.0,24.0,134.0,61.0,45.5,7.3,18.8,134,Poor,1772.02,21.65,2026-01-27T01:28:39.699163
"Biblioteca, Tizayuca, Hidalgo, Mexico",Mexico,19.840583333333,-98.981333333333,13.3,36.5,,83.0,15.0,5.1,16.4,83,Moderate,550.68,32.18,2026-01-27T01:28:49.291586
"Loma Dorada, Guadalajara, Mexico",Mexico,20.629554249053,-103.26392977309,20.0,24.0,79.0,40.0,40.3,,16.8,79,Moderate,5633.33,23.28,2026-01-27T01:28:51.838892
"Las Pintas, Guadalajara, Mexico",Mexico,20.5767,-103.32652222222,20.0,24.0,77.0,52.0,20.6,3.1,2.6,77,Moderate,342.07,20.68,2026-01-27T01:28:54.226305
"Pastora, Nuevo Leon, Mexico",Mexico,25.6717286,-100.2231895,29.4,41.3,69.0,56.0,10.4,5.6,13.5,69,Moderate,8096.05,10.31,2026-01-27T01:29:00.044402
"Palacio de Gobierno, Tlaxcala, Tlaxcala, Mexico",Mexico,19.317583333333,-98.237305555556,23.5,100.0,53.0,66.0,1.2,,,66,Moderate,611.54,86.25,2026-01-27T01:29:06.180839
"Obispado, Nuevo Leon, Mexico",Mexico,25.6745177,-100.3473334,29.4,41.3,63.0,43.0,20.0,8.2,11.9,63,Moderate,14553.06,3.13,2026-01-27T01:29:10.530266
"Centro, Aguascalientes, Mexico",Mexico,21.883780555556,-102.295825,17.7,24.0,61.0,22.0,0.1,0.1,8.2,61,Moderate,,103.93,2026-01-27T01:29:24.540169
"Centro de Salud, Apizaco, Tlaxcala, Mexico",Mexico,19.409853333333,-98.150011111111,21.0,100.0,61.0,51.0,0.1,0.1,5.7,61,Moderate,630.33,92.76,2026-01-27T01:29:27.135589
"US Embassy, Guatemala City, Guatemala",Guatemala,14.6069387,-90.5169696,15.0,87.0,61.0,,,,,61,Moderate,31197.09,108.86,2026-01-27T01:29:32.897605
"San Salvador Este, El Salavor",El Salvador,13.71518889,-89.15481944,25.0,78.0,9.0,,,,,-,,4024.59,1794.07,2026-01-27T01:29:38.694233
"ITCA, Santa Tecla, El Salavor",El Salvador,13.673168,-89.279399,24.0,62.0,93.0,,,,,93,Moderate,1765.92,1801.85,2026-01-27T01:29:41.221283
"UTEC Campus, San Salvador, El Salavor",El Salvador,13.6999671,-89.2010843,30.9,88.8,91.0,,,,,91,Moderate,4024.59,1796.97,2026-01-27T01:29:44.424343
"San Salvador Centro, El Salavor",El Salvador,13.70630556,-89.20011667,24.6,68.6,,,,,,-,,4024.59,1797.32,2026-01-27T01:29:48.681195
"San Jose US Embassy, Costa Rica",Costa Rica,9.949488,-84.142876,20.9,69.2,38.0,,,,,38,Good,165.52,1107.57,2026-01-27T01:29:52.896515
"Centro de Alto Rendimiento, Bogota, Colombia",Colombia,4.65837,-74.084,11.8,85.0,55.0,14.0,6.9,0.6,3.3,55,Moderate,104164.41,75.54,2026-01-27T01:30:40.453482
"San Cristobal, Bogota, Colombia",Colombia,4.5725,-74.0836,12.7,76.0,53.0,16.0,,0.6,3.0,53,Moderate,,68.77,2026-01-27T01:30:43.000069
"MinAmbiente, Bogota, Colombia",Colombia,4.62529,-74.06724,11.8,85.0,46.0,20.0,7.9,0.4,5.7,46,Good,104164.41,71.59,2026-01-27T01:30:55.747686
"Tunal, Bogota, Colombia",Colombia,4.57619,-74.13093,12.0,69.0,46.0,23.0,5.0,0.6,,46,Good,,72.99,2026-01-27T01:31:01.229543
"Movil 7ma, Bogota, Colombia",Colombia,4.645228,-74.06152,14.6,64.0,37.0,27.0,,,,37,Good,104164.41,72.79,2026-01-27T01:31:07.869633
"Guaymaral, Bogota, Colombia",Colombia,4.78374,-74.04417,12.7,78.0,34.0,18.0,5.5,0.3,2.9,34,Good,,83.78,2026-01-27T01:31:18.586606
"Kennedy, Bogota, Colombia",Colombia,4.6249,-74.16135,12.0,77.3,34.0,22.0,10.1,0.3,5.7,34,Good,,79.06,2026-01-27T01:31:22.055781
"Centro, Quito, Ecuador",Ecuador,-0.221393,-78.514005,11.86,100.0,41.0,,,2.3,14.6,41,Good,34010.69,463.1,2026-01-27T01:31:28.601363
"Belisario, Quito, Ecuador",Ecuador,-0.184719,-78.495986,11.86,100.0,33.0,28.0,37.4,4.8,12.0,33,Good,34010.69,458.58,2026-01-27T01:31:31.535115
"El Camal, Quito, Ecuador",Ecuador,-0.25,-78.51,12.2,100.0,23.0,,30.8,2.9,13.7,23,Good,34010.69,465.66,2026-01-27T01:31:34.105307
"Los Chillos, Quito, Ecuador",Ecuador,-0.297062,-78.455248,14.0,100.0,,,,6.0,9.7,19,Good,,467.4,2026-01-27T01:31:37.609067
"Cotocollao, Quito, Ecuador",Ecuador,-0.107777,-78.497222,12.56,100.0,11.0,28.0,18.4,1.7,6.4,11,Good,,451.2,2026-01-27T01:31:40.131506
"estacion01, Cuenca, Ecuador",Ecuador,-2.897,-79.003,23.0,18.0,151.0,,130.2,9.7,4.6,151,Poor,6312.42,754.66,2026-01-27T01:31:42.787839
"estacion02, Cuenca, Ecuador",Ecuador,-2.879789,-78.980213,23.0,18.0,134.0,,130.2,9.7,4.6,142,Poor,6312.42,751.96,2026-01-27T01:31:45.485137
"estacion03, Cuenca, Ecuador",Ecuador,-2.879889,-78.981213,15.0,87.0,51.0,,16.5,4.6,9.5,51,Moderate,6312.42,752.02,2026-01-27T01:31:48.464140
"Tumbaco, Quito, Ecuador",Ecuador,-0.214933,-78.403253,14.13,100.0,9.0,,15.2,1.4,7.0,11,Good,,456.68,2026-01-27T01:31:51.032871
"Carapungo, Quito, Ecuador",Ecuador,-0.095472,-78.449809,17.1,87.0,13.0,28.0,7.1,2.1,4.0,28,Good,,447.45,2026-01-27T01:31:55.392325
"San Martin De Porres, Lima, Peru",Peru,-12.00889,-77.08447,26.1,72.0,72.0,30.0,3.5,4.0,11.8,72,Moderate,,1710.96,2026-01-27T01:31:58.896974
"San Juan De Lurigancho, Lima, Peru",Peru,-11.98164,-76.99925,26.1,72.0,67.0,40.0,,0.5,,67,Moderate,,1707.63,2026-01-27T01:32:02.993570
"San Borja, Lima, Peru",Peru,-12.10859,-77.00769,26.1,72.0,59.0,39.0,1.5,17.2,18.5,59,Moderate,,1721.69,2026-01-27T01:32:05.747111
"Campo De Marte, Lima, Peru",Peru,-12.07054,-77.04322,26.1,72.0,58.0,21.0,8.6,3.5,18.2,58,Moderate,127188.7,1717.62,2026-01-27T01:32:08.415410
"Villa Maria Del Triunfo, Lima, Peru",Peru,-12.16639,-76.92,26.1,72.0,49.0,15.0,8.6,3.0,29.3,49,Good,1018.59,1727.81,2026-01-27T01:32:11.153244
"Santa Anita, Lima, Peru",Peru,-12.04302,-76.97144,26.1,72.0,,26.0,12.4,9.1,15.1,26,Good,,1714.32,2026-01-27T01:32:18.070548
"US Embassy, Lima, Peru",Peru,-12.1052081,-76.9709299,23.3,84.0,34.0,,,,,34,Good,,1721.2,2026-01-27T01:32:20.692297
"Huachipa, Lima, Peru",Peru,-12.01689,-76.94883,22.2,75.0,193.0,155.0,8.4,33.0,200.9,33,Good,,1711.36,2026-01-27T01:32:23.387438
"Ate, Lima, Peru",Peru,-12.02611,-76.91861,22.8,85.3,,,,,,-,,,1712.29,2026-01-27T01:32:25.976420
"Carabayllo, Lima, Peru",Peru,-11.90219,-77.03364,26.1,72.0,,,23.0,,8.4,2,Good,,1698.97,2026-01-27T01:32:28.466649
"Puente Piedra, Lima, Peru",Peru,-11.86325,-77.07413,26.1,72.0,54.0,,8.3,6.6,25.8,54,Moderate,,1694.82,2026-01-27T01:32:32.537697
"Velachery Res. Area, Chennai, Chennai, India",Peru,13.0052189,80.2398125,24.0,88.17250000000001,98.0,47.0,5.0,2.5,,98,Moderate,,1012.82,2026-01-27T01:32:37.049342
"IIT, Chennai, Chennai, India",Peru,12.99251389,80.23744722,30.0,62.0,,,,,,-,,,1014.17,2026-01-27T01:32:39.664779
"Fuerza Aerea, Cochabamba, Bolivia",Bolivia,-17.4197854,-66.1685226,19.0,34.0,,49.0,,,,49,Good,8473.19,1751.96,2026-01-27T01:32:55.872784
"Parque Kanata, Cochabamba, Bolivia",Bolivia,-17.4125902,-66.1584437,19.0,34.0,,51.0,18.9,,,51,Moderate,8473.19,1752.65,2026-01-27T01:32:58.482280
"Semapa, Cochabamba, Bolivia",Bolivia,-17.3609718,-66.1607009,19.0,34.0,,25.0,,,,25,Good,8473.19,1758.36,2026-01-27T01:33:01.296598
"Copiapo Sivica, Chile",Chile,-27.370329154948,-70.323906678352,23.0,60.0,87.0,10.0,,1.5,,87,Moderate,1920.1,860.2,2026-01-27T01:33:43.393140
"Alto Hospicio, Chile",Chile,-20.290466881209,-70.100192427636,25.0,57.0,82.0,,,,,82,Moderate,1337.73,1534.42,2026-01-27T01:33:45.949007
"Colegio Pedro Vergara Keller, Chile",Chile,-22.44283906304,-68.932546346863,19.0,50.5,55.0,29.0,,,,55,Moderate,2006.31,1268.93,2026-01-27T01:33:51.889223
"Rancagua I, Chile",Chile,-34.162314609087,-70.713919225517,18.8,63.3,38.0,46.0,,0.7,2.9,46,Good,2945.9,600.57,2026-01-27T01:33:59.373173
"Rancagua II, Chile",Chile,-34.143888375919,-70.737131207664,20.6,57.4,34.0,40.0,,,,40,Good,2945.9,602.37,2026-01-27T01:34:08.407114
"La Florida, Chile",Chile,-33.516630362266,-70.588123961971,20.0,52.0,13.0,28.0,13.5,39.7,5.7,40,Good,,581.89,2026-01-27T01:34:10.913064
"Talagante, Chile",Chile,-33.673752071375,-70.953064737434,20.0,52.0,38.0,11.0,,,,38,Good,724.19,616.62,2026-01-27T01:34:13.522455
"Cerro Navia, Chile",Chile,-33.433089610143,-70.732147868717,20.0,52.0,30.0,37.0,7.3,,0.4,37,Good,,594.98,2026-01-27T01:34:17.888041
"Nueva Libertad, Chile",Chile,-36.735998,-73.118693,16.6,90.0,34.0,17.0,14.2,8.2,7.9,34,Good,1882.24,598.36,2026-01-27T01:34:21.480858
"Puente Alto, Chile",Chile,-33.591390623022,-70.594788,20.0,52.0,30.0,34.0,5.4,,1.0,34,Good,,582.9,2026-01-27T01:34:24.022755
"Coyhaique II, Chile",Chile,-45.579045667164,-72.049964505825,17.0,55.0,34.0,15.0,,3.8,3.5,34,Good,632.38,264.12,2026-01-27T01:34:26.515679
"US Embassy, Buenos Aires, Argentina",Argentina,-34.5773,-58.4176,25.0,72.9,5.0,,,,,5,Good,39746.84,95.38,2026-01-27T01:34:31.559493
"Cordoba, Buenos Aires, Argentina",Argentina,-34.5995674,-58.3915767,25.0,61.0,,,,,,-,,39746.84,98.13,2026-01-27T01:34:34.211050
"La boca, Buenos Aires, Argentina",Argentina,-34.6344961,-58.3631337,25.0,61.0,,,,,,-,,39746.84,101.41,2026-01-27T01:34:36.802484
"Dock Sud 1, Acumar, Argentina",Argentina,-34.657988,-58.342538,23.8,65.3,,,,,,-,,4363.1,103.8,2026-01-27T01:34:41.219259
"Centenario, Buenos Aires, Argentina",Argentina,-34.635582,-58.5518647,24.0,53.0,,,,,,-,,1532.29,84.55,2026-01-27T01:34:43.923991
"La Matanza, Acumar, Argentina",Argentina,-34.6775885,-58.701767,20.2,88.8,,,,,,-,,1713.54,72.79,2026-01-27T01:34:46.403110
"Argentina, Asturias, Spain",Argentina,43.53880000013,-5.6989000001636,19.0,52.5,61.0,30.0,25.6,6.6,0.1,61,Moderate,3247.65,6061.94,2026-01-27T01:34:49.529786
