City,Country,Latitude,Longitude,Temperature,Humidity,PM2.5,PM10,NO2,SO2,CO,AQI,Air_Quality_Category,Population_Density,Proximity_to_Industrial_Areas,Timestamp
"Secundaria Leyes de Reforma, Aguascalientes, Mexico",Mexico,21.903003362672,-102.28461279505,16.6,54.0,97.0,14.0,3.5,0.1,3.5,97,Moderate,,104.96,2026-01-19T01:27:36.009108
"Las Pintas, Guadalajara, Mexico",Mexico,20.5767,-103.32652222222,18.0,63.0,96.0,49.0,32.9,12.6,13.3,96,Moderate,,20.68,2026-01-19T01:27:45.635457
"Santa Fe, Jalisco, Mexico",Mexico,20.528912,-103.377146,18.5,53.5,80.0,46.0,71.7,2.7,7.1,80,Moderate,1772.02,21.65,2026-01-19T01:28:06.473539
"Celaya Policia, Celaya, Mexico",Mexico,20.518569711338,-100.81674332276,16.4,58.0,76.0,44.0,9.4,14.6,5.9,76,Moderate,4814.67,3.57,2026-01-19T01:28:11.265402
"San Juanico, Mexico",Mexico,20.537489,-100.839905,16.5,57.7,76.0,41.0,8.6,12.9,4.0,76,Moderate,4814.67,3.79,2026-01-19T01:28:29.161345
"Palacio de Gobierno, Tlaxcala, Tlaxcala, Mexico",Mexico,19.317583333333,-98.237305555556,17.0,100.0,73.0,40.0,10.7,,,73,Moderate,,86.25,2026-01-19T01:28:54.859393
"Centro de Salud, Apizaco, Tlaxcala, Mexico",Mexico,19.409853333333,-98.150011111111,21.0,94.0,70.0,36.0,0.1,0.1,4.5,70,Moderate,,92.76,2026-01-19T01:29:04.784155
"S. Catarina, Nuevo Leon, Mexico",Mexico,25.6869003,-100.4220058,6.4,68.0,68.0,50.0,34.2,4.5,18.3,68,Moderate,,9.93,2026-01-19T01:29:12.823240
"Loma Dorada, Guadalajara, Mexico",Mexico,20.629554249053,-103.26392977309,18.5,53.5,67.0,38.0,17.3,,9.9,67,Moderate,,23.28,2026-01-19T01:29:18.720823
"Oblatos, Jalisco, Mexico",Mexico,20.699048277777777,-103.29667683333334,18.5,53.5,63.0,33.0,9.3,2.9,5.2,63,Moderate,17642.39,18.44,2026-01-19T01:29:37.891607
"Centro, Jalisco, Mexico",Mexico,20.67236666666667,-103.33335883333334,18.5,53.5,63.0,19.0,9.4,2.9,4.0,63,Moderate,,14.98,2026-01-19T01:29:57.833054
"Atemajac, Jalisco, Mexico",Mexico,20.718180277777776,-103.35549144444444,15.0,67.0,63.0,53.0,35.8,5.1,11.5,63,Moderate,,12.43,2026-01-19T01:30:03.904421
"US Embassy, Guatemala City, Guatemala",Guatemala,14.6069387,-90.5169696,15.0,87.0,61.0,,,,,61,Moderate,,108.86,2026-01-19T01:30:13.134866
"San Salvador Este, El Salavor",El Salvador,13.71518889,-89.15481944,26.0,50.0,9.0,,,,,-,,4024.59,1794.07,2026-01-19T01:30:19.226051
"ITCA, Santa Tecla, El Salavor",El Salvador,13.673168,-89.279399,24.0,62.0,93.0,,,,,93,Moderate,,1801.85,2026-01-19T01:30:25.986021
"UTEC Campus, San Salvador, El Salavor",El Salvador,13.6999671,-89.2010843,30.9,88.8,91.0,,,,,91,Moderate,4024.59,1796.97,2026-01-19T01:30:43.579846
"San Salvador Centro, El Salavor",El Salvador,13.70630556,-89.20011667,22.8,61.5,,,,,,-,,,1797.32,2026-01-19T01:31:07.081084
"San Jose US Embassy, Costa Rica",Costa Rica,9.949488,-84.142876,20.9,69.2,38.0,,,,,38,Good,165.52,1107.57,2026-01-19T01:31:28.994378
"Fontibon, Bogota, Colombia",Colombia,4.6782472,-74.1438166,15.6,61.1,38.0,17.0,9.2,0.2,7.5,38,Good,445.63,81.7,2026-01-19T01:32:23.275053
"Tunal, Bogota, Colombia",Colombia,4.57619,-74.13093,16.0,64.0,34.0,10.0,2.4,0.6,,34,Good,,72.99,2026-01-19T01:32:32.875417
"Las Ferias, Bogota, Colombia",Colombia,4.6906,-74.08256,15.1,58.0,25.0,5.0,7.1,,5.1,25,Good,104164.41,78.11,2026-01-19T01:32:52.410637
"Guaymaral, Bogota, Colombia",Colombia,4.78374,-74.04417,14.3,65.0,5.0,16.0,2.1,0.4,2.9,16,Good,445.63,83.78,2026-01-19T01:32:58.729029
"Puente Aranda, Bogota, Colombia",Colombia,4.63187,-74.11757,16.0,76.0,15.0,,8.5,0.8,4.4,15,Good,104164.41,76.02,2026-01-19T01:33:16.696388
"MinAmbiente, Bogota, Colombia",Colombia,4.62529,-74.06724,11.7,76.0,13.0,13.0,1.5,0.5,2.0,13,Good,,71.59,2026-01-19T01:33:37.855832
"Centro, Quito, Ecuador",Ecuador,-0.221393,-78.514005,18.06,63.0,52.0,,,6.9,8.6,52,Moderate,34010.69,463.1,2026-01-19T01:33:43.441242
"Belisario, Quito, Ecuador",Ecuador,-0.184719,-78.495986,15.67,87.0,27.0,12.0,14.3,3.2,6.0,32,Good,34010.69,458.58,2026-01-19T01:34:01.436888
"El Camal, Quito, Ecuador",Ecuador,-0.25,-78.51,16.12,87.0,19.0,,24.7,1.6,8.8,19,Good,,465.66,2026-01-19T01:34:07.907462
"Cotocollao, Quito, Ecuador",Ecuador,-0.107777,-78.497222,14.91,87.0,9.0,12.0,17.9,1.7,4.3,18,Good,,451.2,2026-01-19T01:34:25.541700
"Los Chillos, Quito, Ecuador",Ecuador,-0.297062,-78.455248,18.14,87.0,,,,12.2,6.1,15,Good,,467.4,2026-01-19T01:34:43.191621
"estacion01, Cuenca, Ecuador",Ecuador,-2.897,-79.003,23.0,18.0,151.0,,130.2,9.7,4.6,151,Poor,6312.42,754.66,2026-01-19T01:34:47.803564
"estacion02, Cuenca, Ecuador",Ecuador,-2.879789,-78.980213,23.0,18.0,134.0,,130.2,9.7,4.6,142,Poor,,751.96,2026-01-19T01:35:08.794661
"estacion03, Cuenca, Ecuador",Ecuador,-2.879889,-78.981213,15.0,87.0,51.0,,16.5,4.6,9.5,51,Moderate,,752.02,2026-01-19T01:35:29.876052
"Tumbaco, Quito, Ecuador",Ecuador,-0.214933,-78.403253,17.3,87.0,45.0,,11.7,1.7,5.2,49,Good,,456.68,2026-01-19T01:35:32.721079
"Carapungo, Quito, Ecuador",Ecuador,-0.095472,-78.449809,21.4,29.0,26.0,12.0,9.4,7.5,6.6,40,Good,,447.45,2026-01-19T01:35:58.761665
"San Martin De Porres, Lima, Peru",Peru,-12.00889,-77.08447,22.7,77.0,62.0,24.0,11.7,1.9,9.4,62,Moderate,,1710.96,2026-01-19T01:36:05.822876
"Villa Maria Del Triunfo, Lima, Peru",Peru,-12.16639,-76.92,22.7,77.0,60.0,19.0,7.9,2.6,27.0,60,Moderate,1018.59,1727.81,2026-01-19T01:36:23.800808
"San Borja, Lima, Peru",Peru,-12.10859,-77.00769,22.7,77.0,57.0,37.0,11.2,2.7,13.5,57,Moderate,,1721.69,2026-01-19T01:36:26.434862
"Campo De Marte, Lima, Peru",Peru,-12.07054,-77.04322,22.7,77.0,55.0,19.0,8.5,3.4,15.1,55,Moderate,127188.7,1717.62,2026-01-19T01:36:45.420377
"San Juan De Lurigancho, Lima, Peru",Peru,-11.98164,-76.99925,22.7,77.0,53.0,21.0,,20.4,,53,Moderate,,1707.63,2026-01-19T01:37:06.782335
"Santa Anita, Lima, Peru",Peru,-12.04302,-76.97144,22.7,77.0,,20.0,1.4,8.0,10.1,20,Good,,1714.32,2026-01-19T01:37:09.403521
"US Embassy, Lima, Peru",Peru,-12.1052081,-76.9709299,23.3,84.0,34.0,,,,,34,Good,,1721.2,2026-01-19T01:37:31.042259
"Huachipa, Lima, Peru",Peru,-12.01689,-76.94883,22.2,75.0,193.0,155.0,8.4,33.0,200.9,33,Good,,1711.36,2026-01-19T01:37:33.767421
"Ate, Lima, Peru",Peru,-12.02611,-76.91861,22.8,85.3,,,,,,-,,,1712.29,2026-01-19T01:37:54.912150
"Carabayllo, Lima, Peru",Peru,-11.90219,-77.03364,22.7,77.0,,,21.0,8.1,9.2,9,Good,,1698.97,2026-01-19T01:38:13.500436
"Puente Piedra, Lima, Peru",Peru,-11.86325,-77.07413,22.7,77.0,7.0,,8.9,6.4,24.3,24,Good,,1694.82,2026-01-19T01:38:16.109686
"Velachery Res. Area, Chennai, Chennai, India",Peru,13.0052189,80.2398125,29.0,39.24333333333333,136.0,61.0,4.6,2.5,,136,Poor,,1012.82,2026-01-19T01:38:20.385683
"IIT, Chennai, Chennai, India",Peru,12.99251389,80.23744722,30.0,62.0,,,,,,-,,,1014.17,2026-01-19T01:38:26.927289
"Fuerza Aerea, Cochabamba, Bolivia",Bolivia,-17.4197854,-66.1685226,19.0,34.0,,49.0,,,,49,Good,8473.19,1751.96,2026-01-19T01:38:41.976875
"Parque Kanata, Cochabamba, Bolivia",Bolivia,-17.4125902,-66.1584437,19.0,34.0,,51.0,18.9,,,51,Moderate,8473.19,1752.65,2026-01-19T01:38:44.650303
"Semapa, Cochabamba, Bolivia",Bolivia,-17.3609718,-66.1607009,19.0,34.0,,25.0,,,,25,Good,,1758.36,2026-01-19T01:39:05.001724
"Quilicura, Chile",Chile,-33.349626928347,-70.723792612552,25.0,44.0,122.0,52.0,,,,122,Poor,,594.07,2026-01-19T01:39:49.671509
"Copiapo Sivica, Chile",Chile,-27.370329154948,-70.323906678352,18.0,77.0,102.0,44.0,,1.5,,102,Poor,1920.1,860.2,2026-01-19T01:39:52.098777
"Parque O'Higgins, Chile",Chile,-33.464142,-70.660797,25.0,44.0,89.0,60.0,4.9,,1.5,89,Moderate,78165.35,588.44,2026-01-19T01:40:13.198904
"Las Encinas Temuco, Chile",Chile,-38.74869912298,-72.620788228172,21.8,49.0,55.0,30.0,,,1.2,55,Moderate,2998.6,370.85,2026-01-19T01:40:16.254420
"Puren, Chile",Chile,-36.616167751711,-72.093040558483,25.8,34.0,80.0,54.0,,,,80,Moderate,2091.55,597.96,2026-01-19T01:40:37.464945
"Rancagua I, Chile",Chile,-34.162314609087,-70.713919225517,20.8,59.4,80.0,59.0,,1.7,3.6,80,Moderate,,600.57,2026-01-19T01:40:43.840745
"Talagante, Chile",Chile,-33.673752071375,-70.953064737434,25.0,44.0,78.0,50.0,,,,78,Moderate,,616.62,2026-01-19T01:40:51.850164
"Valparaiso, Chile",Chile,-33.049743798096,-71.614167231712,25.0,44.0,76.0,,,,,76,Moderate,3198.09,677.82,2026-01-19T01:40:56.126260
"U.C. Maule, Chile",Chile,-35.435725588722,-71.619553864003,28.5,32.6,74.0,39.0,,,,74,Moderate,,715.31,2026-01-19T01:41:00.375846
"San Fernando, Chile",Chile,-27.393267718517,-70.298615435165,18.0,77.0,74.0,59.0,,,,74,Moderate,1920.1,856.64,2026-01-19T01:41:03.284961
"Puente Alto, Chile",Chile,-33.591390623022,-70.594788,25.0,44.0,70.0,61.0,7.5,,2.6,70,Moderate,,582.9,2026-01-19T01:41:24.625090
"Pudahuel, Chile",Chile,-33.437811379126,-70.750171233135,25.0,44.0,68.0,60.0,6.1,,1.9,68,Moderate,,596.67,2026-01-19T01:41:45.859658
"US Embassy, Buenos Aires, Argentina",Argentina,-34.5773,-58.4176,25.0,72.9,5.0,,,,,5,Good,39746.84,95.38,2026-01-19T01:42:06.121774
"Cordoba, Buenos Aires, Argentina",Argentina,-34.5995674,-58.3915767,25.0,61.0,,,,,,-,,39746.84,98.13,2026-01-19T01:42:09.986004
"La boca, Buenos Aires, Argentina",Argentina,-34.6344961,-58.3631337,25.0,61.0,,,,,,-,,39746.84,101.41,2026-01-19T01:42:13.220356
"Dock Sud 1, Acumar, Argentina",Argentina,-34.657988,-58.342538,23.8,65.3,,,,,,-,,4363.1,103.8,2026-01-19T01:42:16.308723
"Centenario, Buenos Aires, Argentina",Argentina,-34.635582,-58.5518647,24.0,53.0,,,,,,-,,1532.29,84.55,2026-01-19T01:42:34.241684
"La Matanza, Acumar, Argentina",Argentina,-34.6775885,-58.701767,20.2,88.8,,,,,,-,,1713.54,72.79,2026-01-19T01:42:52.375090
"Argentina, Asturias, Spain",Argentina,43.53880000013,-5.6989000001636,8.6,85.7,46.0,20.0,17.9,3.6,0.1,46,Good,3247.65,6061.94,2026-01-19T01:43:10.994979
