City,Country,Latitude,Longitude,Temperature,Humidity,PM2.5,PM10,NO2,SO2,CO,AQI,Air_Quality_Category,Population_Density,Proximity_to_Industrial_Areas,Timestamp
"Las Pintas, Guadalajara, Mexico",Mexico,20.5767,-103.32652222222,24.0,29.0,106.0,45.0,14.5,11.7,13.7,106,Poor,342.07,20.68,2026-02-09T01:55:35.168895
"Santa Fe, Jalisco, Mexico",Mexico,20.528912,-103.377146,21.6,75.0,99.0,60.0,25.5,22.7,13.0,99,Moderate,1772.02,21.65,2026-02-09T01:55:37.599563
"Secundaria Leyes de Reforma, Aguascalientes, Mexico",Mexico,21.903003362672,-102.28461279505,21.1,27.5,85.0,26.0,11.0,,,85,Moderate,10999.44,104.96,2026-02-09T01:55:43.520178
"Centro, Jalisco, Mexico",Mexico,20.67236666666667,-103.33335883333334,24.0,29.0,80.0,30.0,18.7,3.1,6.5,80,Moderate,17642.39,14.98,2026-02-09T01:55:51.115494
"Oblatos, Jalisco, Mexico",Mexico,20.699048277777777,-103.29667683333334,24.0,29.0,80.0,61.0,23.7,3.1,10.1,80,Moderate,17642.39,18.44,2026-02-09T01:55:53.520767
"Biblioteca, Tizayuca, Hidalgo, Mexico",Mexico,19.840583333333,-98.981333333333,13.8,30.0,,79.0,14.1,5.0,17.1,79,Moderate,550.68,32.18,2026-02-09T01:55:56.077521
"Miravalle, Guadalajara, Mexico",Mexico,20.61504997567,-103.34343019128,26.0,31.0,78.0,46.0,6.6,3.3,3.8,78,Moderate,8277.63,16.64,2026-02-09T01:55:58.415331
"Loma Dorada, Guadalajara, Mexico",Mexico,20.629554249053,-103.26392977309,24.0,29.0,76.0,59.0,18.3,,9.8,76,Moderate,5633.33,23.28,2026-02-09T01:56:03.027942
"Palacio de Gobierno, Tlaxcala, Tlaxcala, Mexico",Mexico,19.317583333333,-98.237305555556,20.0,18.0,74.0,55.0,8.0,,,74,Moderate,611.54,86.25,2026-02-09T01:56:12.403922
"US Embassy, Guatemala City, Guatemala",Guatemala,14.6069387,-90.5169696,15.0,87.0,61.0,,,,,61,Moderate,,108.86,2026-02-09T01:56:25.940789
"San Salvador Este, El Salavor",El Salvador,13.71518889,-89.15481944,25.0,41.0,9.0,,,,,-,,4024.59,1794.07,2026-02-09T01:56:31.573229
"ITCA, Santa Tecla, El Salavor",El Salvador,13.673168,-89.279399,24.0,62.0,93.0,,,,,93,Moderate,1765.92,1801.85,2026-02-09T01:56:35.626660
"UTEC Campus, San Salvador, El Salavor",El Salvador,13.6999671,-89.2010843,30.9,88.8,91.0,,,,,91,Moderate,4024.59,1796.97,2026-02-09T01:56:38.166320
"San Salvador Centro, El Salavor",El Salvador,13.70630556,-89.20011667,21.9,50.8,,,,,,-,,4024.59,1797.32,2026-02-09T01:56:42.318186
"San Jose US Embassy, Costa Rica",Costa Rica,9.949488,-84.142876,20.9,69.2,38.0,,,,,38,Good,165.52,1107.57,2026-02-09T01:56:46.386433
"Centro de Alto Rendimiento, Bogota, Colombia",Colombia,4.65837,-74.084,13.0,85.0,73.0,22.0,5.0,0.6,4.0,73,Moderate,104164.41,75.54,2026-02-09T01:57:21.037439
"Las Ferias, Bogota, Colombia",Colombia,4.6906,-74.08256,14.8,74.0,72.0,17.0,11.7,,5.9,72,Moderate,104164.41,78.11,2026-02-09T01:57:23.626304
"San Cristobal, Bogota, Colombia",Colombia,4.5725,-74.0836,13.0,70.0,63.0,28.0,20.2,0.5,6.0,63,Moderate,,68.77,2026-02-09T01:57:27.467584
"Kennedy, Bogota, Colombia",Colombia,4.6249,-74.16135,14.0,86.3,63.0,25.0,9.0,0.7,7.8,63,Moderate,,79.06,2026-02-09T01:57:30.204041
"Tunal, Bogota, Colombia",Colombia,4.57619,-74.13093,14.0,70.0,59.0,25.0,2.9,0.4,,59,Moderate,,72.99,2026-02-09T01:57:32.653816
"Guaymaral, Bogota, Colombia",Colombia,4.78374,-74.04417,13.4,68.0,53.0,30.0,8.0,0.4,4.8,53,Moderate,445.63,83.78,2026-02-09T01:57:35.117933
"MinAmbiente, Bogota, Colombia",Colombia,4.62529,-74.06724,13.0,85.0,53.0,20.0,3.1,0.5,4.4,53,Moderate,,71.59,2026-02-09T01:57:45.922899
"Puente Aranda, Bogota, Colombia",Colombia,4.63187,-74.11757,14.0,85.0,49.0,17.0,12.2,1.0,7.5,49,Good,104164.41,76.02,2026-02-09T01:58:00.027482
"Fontibon, Bogota, Colombia",Colombia,4.6782472,-74.1438166,13.6,86.3,42.0,21.0,4.6,0.1,2.2,42,Good,445.63,81.7,2026-02-09T01:58:04.580993
"Belisario, Quito, Ecuador",Ecuador,-0.184719,-78.495986,14.21,87.0,60.0,28.0,40.1,4.8,8.2,60,Moderate,34010.69,458.58,2026-02-09T01:58:22.289366
"Cotocollao, Quito, Ecuador",Ecuador,-0.107777,-78.497222,13.74,87.0,51.0,28.0,8.0,2.1,8.8,51,Moderate,,451.2,2026-02-09T01:58:24.920697
"El Camal, Quito, Ecuador",Ecuador,-0.25,-78.51,13.72,87.0,32.0,,29.9,1.9,10.8,32,Good,34010.69,465.66,2026-02-09T01:58:28.909952
"Centro, Quito, Ecuador",Ecuador,-0.221393,-78.514005,11.25,100.0,30.0,,,2.9,16.3,30,Good,34010.69,463.1,2026-02-09T01:58:32.095888
"Los Chillos, Quito, Ecuador",Ecuador,-0.297062,-78.455248,15.99,87.0,,,,2.6,9.4,26,Good,,467.4,2026-02-09T01:58:34.622492
"estacion01, Cuenca, Ecuador",Ecuador,-2.897,-79.003,23.0,18.0,151.0,,130.2,9.7,4.6,151,Poor,,754.66,2026-02-09T01:58:46.217484
"estacion02, Cuenca, Ecuador",Ecuador,-2.879789,-78.980213,23.0,18.0,134.0,,130.2,9.7,4.6,142,Poor,,751.96,2026-02-09T01:58:53.756445
"estacion03, Cuenca, Ecuador",Ecuador,-2.879889,-78.981213,15.0,87.0,51.0,,16.5,4.6,9.5,51,Moderate,6312.42,752.02,2026-02-09T01:58:56.257763
"Tumbaco, Quito, Ecuador",Ecuador,-0.214933,-78.403253,16.19,87.0,47.0,,14.3,1.3,6.8,47,Good,,456.68,2026-02-09T01:58:58.781929
"Carapungo, Quito, Ecuador",Ecuador,-0.095472,-78.449809,18.54,77.0,56.0,28.0,11.6,4.2,5.9,56,Moderate,,447.45,2026-02-09T01:59:03.007693
"San Martin De Porres, Lima, Peru",Peru,-12.00889,-77.08447,25.0,75.0,53.0,18.0,18.6,1.7,9.0,53,Moderate,,1710.96,2026-02-09T01:59:10.934613
"San Borja, Lima, Peru",Peru,-12.10859,-77.00769,25.0,75.0,51.0,43.0,1.5,5.8,12.2,51,Moderate,,1721.69,2026-02-09T01:59:13.696563
"Villa Maria Del Triunfo, Lima, Peru",Peru,-12.16639,-76.92,25.0,75.0,45.0,15.0,7.0,5.7,21.4,45,Good,1018.59,1727.81,2026-02-09T01:59:16.328345
"Campo De Marte, Lima, Peru",Peru,-12.07054,-77.04322,25.0,75.0,44.0,15.0,9.4,3.2,12.3,44,Good,127188.7,1717.62,2026-02-09T01:59:19.113567
"San Juan De Lurigancho, Lima, Peru",Peru,-11.98164,-76.99925,25.0,75.0,36.0,16.0,,1.3,,36,Good,,1707.63,2026-02-09T01:59:21.664492
"Santa Anita, Lima, Peru",Peru,-12.04302,-76.97144,25.0,75.0,,27.0,10.2,8.8,11.1,27,Good,,1714.32,2026-02-09T01:59:24.287422
"US Embassy, Lima, Peru",Peru,-12.1052081,-76.9709299,23.3,84.0,34.0,,,,,34,Good,,1721.2,2026-02-09T01:59:27.029276
"Huachipa, Lima, Peru",Peru,-12.01689,-76.94883,22.2,75.0,193.0,155.0,8.4,33.0,200.9,33,Good,,1711.36,2026-02-09T01:59:35.714832
"Ate, Lima, Peru",Peru,-12.02611,-76.91861,22.8,85.3,,,,,,-,,,1712.29,2026-02-09T01:59:38.171551
"Carabayllo, Lima, Peru",Peru,-11.90219,-77.03364,25.0,75.0,,,10.4,6.3,10.3,10,Good,,1698.97,2026-02-09T01:59:40.681934
"Puente Piedra, Lima, Peru",Peru,-11.86325,-77.07413,25.0,75.0,45.0,,10.7,6.9,29.1,45,Good,,1694.82,2026-02-09T01:59:43.114628
"Velachery Res. Area, Chennai, Chennai, India",Peru,13.0052189,80.2398125,24.0,87.72999999999999,138.0,55.0,4.9,2.8,,138,Poor,,1012.82,2026-02-09T01:59:49.855427
"IIT, Chennai, Chennai, India",Peru,12.99251389,80.23744722,30.0,62.0,,,,,,-,,,1014.17,2026-02-09T01:59:57.882336
"Fuerza Aerea, Cochabamba, Bolivia",Bolivia,-17.4197854,-66.1685226,19.0,34.0,,49.0,,,,49,Good,8473.19,1751.96,2026-02-09T02:00:18.111440
"Parque Kanata, Cochabamba, Bolivia",Bolivia,-17.4125902,-66.1584437,19.0,34.0,,51.0,18.9,,,51,Moderate,8473.19,1752.65,2026-02-09T02:00:23.151983
"Semapa, Cochabamba, Bolivia",Bolivia,-17.3609718,-66.1607009,19.0,34.0,,25.0,,,,25,Good,8473.19,1758.36,2026-02-09T02:00:26.564115
"Bomberos, Chile",Chile,-22.111064,-70.210828,,,63.0,,,,,63,Moderate,312.21,1352.21,2026-02-09T02:01:10.931273
"Copiapo Sivica, Chile",Chile,-27.370329154948,-70.323906678352,18.0,88.0,63.0,32.0,,1.5,,63,Moderate,1920.1,860.2,2026-02-09T02:01:16.874367
"Rancagua I, Chile",Chile,-34.162314609087,-70.713919225517,17.6,74.7,25.0,53.0,,1.3,2.2,53,Moderate,2945.9,600.57,2026-02-09T02:01:26.472082
"Rancagua II, Chile",Chile,-34.143888375919,-70.737131207664,17.6,74.7,17.0,52.0,,,,52,Moderate,2945.9,602.37,2026-02-09T02:01:29.050817
"Talagante, Chile",Chile,-33.673752071375,-70.953064737434,20.0,52.0,46.0,9.0,,,,46,Good,724.19,616.62,2026-02-09T02:01:32.839834
"Colegio Pedro Vergara Keller, Chile",Chile,-22.44283906304,-68.932546346863,23.4,31.4,46.0,25.0,,,,46,Good,2006.31,1268.93,2026-02-09T02:01:39.984233
"Mirasol, Chile",Chile,-41.4795069236,-72.968755930145,15.0,87.0,38.0,,,,,38,Good,2161.15,131.22,2026-02-09T02:01:46.216841
"Cerro Navia, Chile",Chile,-33.433089610143,-70.732147868717,20.0,52.0,9.0,37.0,5.4,,0.4,37,Good,,594.98,2026-02-09T02:01:53.822810
"La Serena, Chile",Chile,-29.933006518748,-71.261966365967,19.7,58.0,34.0,,,,,34,Good,2487.68,746.5,2026-02-09T02:01:56.550193
"Antofagasta, Chile",Chile,-23.61354215815,-70.383315682411,22.0,73.0,30.0,33.0,,1.5,,33,Good,,1210.2,2026-02-09T02:02:06.766753
"Puente Alto, Chile",Chile,-33.591390623022,-70.594788,20.0,52.0,21.0,31.0,4.6,,2.8,31,Good,,582.9,2026-02-09T02:02:09.405131
"Alerce, Chile",Chile,-41.399169537038,-72.899522781372,15.0,87.0,30.0,,,,,30,Good,538.16,130.32,2026-02-09T02:02:12.904924
"US Embassy, Buenos Aires, Argentina",Argentina,-34.5773,-58.4176,25.0,72.9,5.0,,,,,5,Good,39746.84,95.38,2026-02-09T02:02:24.319959
"Cordoba, Buenos Aires, Argentina",Argentina,-34.5995674,-58.3915767,25.0,61.0,,,,,,-,,39746.84,98.13,2026-02-09T02:02:27.696951
"La boca, Buenos Aires, Argentina",Argentina,-34.6344961,-58.3631337,25.0,61.0,,,,,,-,,39746.84,101.41,2026-02-09T02:02:30.468088
"Dock Sud 1, Acumar, Argentina",Argentina,-34.657988,-58.342538,23.8,65.3,,,,,,-,,4363.1,103.8,2026-02-09T02:02:33.042093
"Centenario, Buenos Aires, Argentina",Argentina,-34.635582,-58.5518647,24.0,53.0,,,,,,-,,1532.29,84.55,2026-02-09T02:02:35.620659
"La Matanza, Acumar, Argentina",Argentina,-34.6775885,-58.701767,20.2,88.8,,,,,,-,,1713.54,72.79,2026-02-09T02:02:38.070473
"Argentina, Asturias, Spain",Argentina,43.53880000013,-5.6989000001636,10.0,87.0,53.0,18.0,11.5,2.6,0.1,53,Moderate,3247.65,6061.94,2026-02-09T02:02:41.169869
