City,Country,Latitude,Longitude,Temperature,Humidity,PM2.5,PM10,NO2,SO2,CO,AQI,Air_Quality_Category,Population_Density,Proximity_to_Industrial_Areas,Timestamp
"Secundaria Leyes de Reforma, Aguascalientes, Mexico",Mexico,21.903003362672,-102.28461279505,23.6,27.0,149.0,50.0,4.7,3.4,,149,Poor,10999.44,104.96,2026-01-09T01:23:26.224253
"Escobedo, Nuevo Leon, Mexico",Mexico,25.7802165,-100.3161126,26.3,47.0,127.0,110.0,33.8,16.5,18.2,127,Poor,,9.75,2026-01-09T01:23:36.842461
"Pastora, Nuevo Leon, Mexico",Mexico,25.6717286,-100.2231895,30.0,35.0,114.0,105.0,69.7,4.6,40.9,114,Poor,8096.05,10.31,2026-01-09T01:23:44.227955
"Obispado, Nuevo Leon, Mexico",Mexico,25.6745177,-100.3473334,30.0,35.0,102.0,76.0,54.1,10.5,18.7,102,Poor,14553.06,3.13,2026-01-09T01:23:54.151835
"US Embassy, Guatemala City, Guatemala",Guatemala,14.6069387,-90.5169696,15.0,87.0,61.0,,,,,61,Moderate,31197.09,108.86,2026-01-09T01:24:00.717155
"San Salvador Este, El Salavor",El Salvador,13.71518889,-89.15481944,24.0,64.0,9.0,,,,,-,,4024.59,1794.07,2026-01-09T01:24:06.260891
"ITCA, Santa Tecla, El Salavor",El Salvador,13.673168,-89.279399,24.0,62.0,93.0,,,,,93,Moderate,1765.92,1801.85,2026-01-09T01:24:08.542623
"UTEC Campus, San Salvador, El Salavor",El Salvador,13.6999671,-89.2010843,30.9,88.8,91.0,,,,,91,Moderate,,1796.97,2026-01-09T01:24:14.864164
"San Salvador Centro, El Salavor",El Salvador,13.70630556,-89.20011667,20.8,81.8,,,,,,-,,4024.59,1797.32,2026-01-09T01:24:19.293152
"San Jose US Embassy, Costa Rica",Costa Rica,9.949488,-84.142876,20.9,69.2,38.0,,,,,38,Good,165.52,1107.57,2026-01-09T01:24:22.566446
"MinAmbiente, Bogota, Colombia",Colombia,4.62529,-74.06724,12.2,85.0,82.0,33.0,9.8,0.5,9.1,82,Moderate,104164.41,71.59,2026-01-09T01:24:53.389378
"Fontibon, Bogota, Colombia",Colombia,4.6782472,-74.1438166,14.4,83.1,70.0,40.0,11.5,0.5,9.1,70,Moderate,445.63,81.7,2026-01-09T01:24:55.705929
"Las Ferias, Bogota, Colombia",Colombia,4.6906,-74.08256,13.9,73.0,61.0,21.0,15.4,,8.0,61,Moderate,104164.41,78.11,2026-01-09T01:24:58.197841
"Tunal, Bogota, Colombia",Colombia,4.57619,-74.13093,14.0,73.0,53.0,36.0,4.1,0.2,,53,Moderate,,72.99,2026-01-09T01:25:13.433495
"Centro de Alto Rendimiento, Bogota, Colombia",Colombia,4.65837,-74.084,12.2,85.0,51.0,18.0,9.1,0.6,5.1,51,Moderate,,75.54,2026-01-09T01:25:23.658120
"Movil 7ma, Bogota, Colombia",Colombia,4.645228,-74.06152,15.0,65.5,40.0,39.0,,,,40,Good,104164.41,72.79,2026-01-09T01:25:31.824818
"Kennedy, Bogota, Colombia",Colombia,4.6249,-74.16135,14.0,83.1,39.0,24.0,12.9,0.4,10.7,39,Good,,79.06,2026-01-09T01:25:34.552826
"Guaymaral, Bogota, Colombia",Colombia,4.78374,-74.04417,13.9,69.0,38.0,26.0,8.0,0.3,4.1,38,Good,445.63,83.78,2026-01-09T01:25:39.237679
"San Cristobal, Bogota, Colombia",Colombia,4.5725,-74.0836,12.9,71.0,38.0,25.0,0.1,0.9,7.3,25,Good,,68.77,2026-01-09T01:25:41.433948
"Centro, Quito, Ecuador",Ecuador,-0.221393,-78.514005,12.1,87.0,36.0,,,2.9,9.6,36,Good,34010.69,463.1,2026-01-09T01:25:44.837567
"Belisario, Quito, Ecuador",Ecuador,-0.184719,-78.495986,12.1,87.0,35.0,67.0,42.1,4.2,11.8,35,Good,,458.58,2026-01-09T01:25:50.869065
"Los Chillos, Quito, Ecuador",Ecuador,-0.297062,-78.455248,13.11,87.0,,,,4.2,9.6,14,Good,,467.4,2026-01-09T01:25:53.519601
"Cotocollao, Quito, Ecuador",Ecuador,-0.107777,-78.497222,13.51,87.0,8.0,67.0,27.4,0.6,5.7,13,Good,,451.2,2026-01-09T01:25:55.807992
"El Camal, Quito, Ecuador",Ecuador,-0.25,-78.51,12.6,87.0,12.0,,36.8,1.6,10.4,12,Good,34010.69,465.66,2026-01-09T01:25:58.551904
"estacion01, Cuenca, Ecuador",Ecuador,-2.897,-79.003,23.0,18.0,151.0,,130.2,9.7,4.6,151,Poor,6312.42,754.66,2026-01-09T01:26:00.988009
"estacion02, Cuenca, Ecuador",Ecuador,-2.879789,-78.980213,23.0,18.0,134.0,,130.2,9.7,4.6,142,Poor,6312.42,751.96,2026-01-09T01:26:07.995066
"estacion03, Cuenca, Ecuador",Ecuador,-2.879889,-78.981213,15.0,87.0,51.0,,16.5,4.6,9.5,51,Moderate,6312.42,752.02,2026-01-09T01:26:12.803140
"Tumbaco, Quito, Ecuador",Ecuador,-0.214933,-78.403253,15.28,87.0,29.0,,32.1,2.1,8.3,29,Good,,456.68,2026-01-09T01:26:18.691837
"Carapungo, Quito, Ecuador",Ecuador,-0.095472,-78.449809,14.79,93.0,12.0,26.0,24.6,2.9,8.3,26,Good,,447.45,2026-01-09T01:26:22.578997
"Villa Maria Del Triunfo, Lima, Peru",Peru,-12.16639,-76.92,23.8,72.0,59.0,19.0,9.8,2.8,26.4,59,Moderate,1018.59,1727.81,2026-01-09T01:26:25.359922
"San Borja, Lima, Peru",Peru,-12.10859,-77.00769,23.8,72.0,54.0,35.0,14.5,9.2,14.6,54,Moderate,,1721.69,2026-01-09T01:26:32.329519
"Campo De Marte, Lima, Peru",Peru,-12.07054,-77.04322,23.8,72.0,52.0,18.0,9.3,3.2,14.7,52,Moderate,127188.7,1717.62,2026-01-09T01:26:34.661217
"San Martin De Porres, Lima, Peru",Peru,-12.00889,-77.08447,23.8,72.0,50.0,15.0,14.3,2.5,9.1,50,Good,,1710.96,2026-01-09T01:26:37.202136
"San Juan De Lurigancho, Lima, Peru",Peru,-11.98164,-76.99925,23.8,72.0,44.0,24.0,,10.9,,44,Good,,1707.63,2026-01-09T01:26:39.584555
"Santa Anita, Lima, Peru",Peru,-12.04302,-76.97144,23.8,72.0,,21.0,18.5,14.3,12.9,21,Good,,1714.32,2026-01-09T01:26:46.706122
"US Embassy, Lima, Peru",Peru,-12.1052081,-76.9709299,23.3,84.0,34.0,,,,,34,Good,,1721.2,2026-01-09T01:26:49.703831
"Huachipa, Lima, Peru",Peru,-12.01689,-76.94883,22.2,75.0,193.0,155.0,8.4,33.0,200.9,33,Good,,1711.36,2026-01-09T01:26:55.836961
"Ate, Lima, Peru",Peru,-12.02611,-76.91861,22.8,85.3,,,,,,-,,,1712.29,2026-01-09T01:26:58.127978
"Carabayllo, Lima, Peru",Peru,-11.90219,-77.03364,23.8,72.0,,,33.2,4.3,8.2,8,Good,,1698.97,2026-01-09T01:27:03.745725
"Puente Piedra, Lima, Peru",Peru,-11.86325,-77.07413,23.8,72.0,6.0,,13.1,6.5,23.6,24,Good,,1694.82,2026-01-09T01:27:11.665922
"Velachery Res. Area, Chennai, Chennai, India",Peru,13.0052189,80.2398125,25.0,51.60666666666666,61.0,57.0,4.8,2.2,,57,Moderate,,1012.82,2026-01-09T01:27:17.269366
"IIT, Chennai, Chennai, India",Peru,12.99251389,80.23744722,30.0,62.0,,,,,,-,,,1014.17,2026-01-09T01:27:19.770440
"Fuerza Aerea, Cochabamba, Bolivia",Bolivia,-17.4197854,-66.1685226,19.0,34.0,,49.0,,,,49,Good,8473.19,1751.96,2026-01-09T01:27:32.803276
"Parque Kanata, Cochabamba, Bolivia",Bolivia,-17.4125902,-66.1584437,19.0,34.0,,51.0,18.9,,,51,Moderate,8473.19,1752.65,2026-01-09T01:27:36.345165
"Semapa, Cochabamba, Bolivia",Bolivia,-17.3609718,-66.1607009,19.0,34.0,,25.0,,,,25,Good,,1758.36,2026-01-09T01:27:44.881887
"Arica, Chile",Chile,-18.47683929771,-70.287911433372,23.0,64.0,70.0,,,,,70,Moderate,,1730.06,2026-01-09T01:28:27.877025
"Puente Alto, Chile",Chile,-33.591390623022,-70.594788,24.0,50.0,53.0,67.0,8.0,,2.3,67,Moderate,,582.9,2026-01-09T01:28:35.860784
"La Florida, Chile",Chile,-33.516630362266,-70.588123961971,23.0,53.0,34.0,64.0,8.6,3.6,4.7,64,Moderate,,581.89,2026-01-09T01:28:38.792980
"Parque O'Higgins, Chile",Chile,-33.464142,-70.660797,24.0,50.0,57.0,60.0,8.8,,0.4,60,Moderate,78165.35,588.44,2026-01-09T01:28:44.206095
"Pudahuel, Chile",Chile,-33.437811379126,-70.750171233135,24.0,50.0,42.0,58.0,6.8,,1.5,58,Moderate,,596.67,2026-01-09T01:28:46.582356
"Rengo, Chile",Chile,-34.394541417902,-70.852981542328,21.2,74.0,57.0,40.0,,,,57,Moderate,480.28,617.68,2026-01-09T01:28:49.244256
"Quilicura, Chile",Chile,-33.349626928347,-70.723792612552,24.0,50.0,50.0,55.0,,,,55,Moderate,,594.07,2026-01-09T01:28:54.662611
"Nueva Libertad, Chile",Chile,-36.735998,-73.118693,15.0,87.0,50.0,26.0,5.2,7.5,10.0,50,Good,,598.36,2026-01-09T01:29:07.708222
"Cerro Navia, Chile",Chile,-33.433089610143,-70.732147868717,23.0,53.0,46.0,50.0,,,2.8,50,Good,,594.98,2026-01-09T01:29:09.990140
"Punteras, Chile",Chile,-36.923329602986,-73.036132300941,15.0,87.0,50.0,34.0,2.8,1.5,,50,Good,1090.31,576.47,2026-01-09T01:29:13.770113
"Rancagua II, Chile",Chile,-34.143888375919,-70.737131207664,21.3,73.6,46.0,47.0,,,,47,Good,2945.9,602.37,2026-01-09T01:29:19.290147
"US Embassy, Buenos Aires, Argentina",Argentina,-34.5773,-58.4176,25.0,72.9,5.0,,,,,5,Good,,95.38,2026-01-09T01:29:27.035970
"Cordoba, Buenos Aires, Argentina",Argentina,-34.5995674,-58.3915767,25.0,61.0,,,,,,-,,,98.13,2026-01-09T01:29:32.953522
"La boca, Buenos Aires, Argentina",Argentina,-34.6344961,-58.3631337,25.0,61.0,,,,,,-,,,101.41,2026-01-09T01:29:38.824985
"Dock Sud 1, Acumar, Argentina",Argentina,-34.657988,-58.342538,23.8,65.3,,,,,,-,,4363.1,103.8,2026-01-09T01:29:44.014862
"Centenario, Buenos Aires, Argentina",Argentina,-34.635582,-58.5518647,24.0,53.0,,,,,,-,,,84.55,2026-01-09T01:29:50.739997
"La Matanza, Acumar, Argentina",Argentina,-34.6775885,-58.701767,20.2,88.8,,,,,,-,,1713.54,72.79,2026-01-09T01:29:53.161094
"Argentina, Asturias, Spain",Argentina,43.53880000013,-5.6989000001636,11.6,78.5,34.0,16.0,1.4,1.1,0.1,34,Good,3247.65,6061.94,2026-01-09T01:29:55.869543
